{
    "name": "Annex Gasherbrum K3 180",
    "version": 2,
    "inherits": "annexk3_base",
    "metadata":
    {
        "visible": true,
        "platform": "annexk3_180_bed.stl",
        "quality_definition": "annexk3_base"
    },
    "overrides":
    {
        "machine_name":         { "default_value": "ANNEXK3" },
        "machine_width":        { "default_value": 180 },
        "machine_depth":        { "default_value": 180 },
        "machine_height":       { "default_value": 180 }
    }
}
